{"cameraMode":{"drawMode":0,"name":"Shaded","section":"Shading Mode"},"sceneLighting":false,"audioPlay":false,"sceneViewState":{"showFog":true,"showMaterialUpdate":false,"showSkybox":false,"showFlares":true,"showImageEffects":true,"showParticleSystems":true},"in2DMode":false,"pivot":{"x":423.81524658203127,"y":326.8742370605469,"z":-89.70965576171875},"rotation":{"x":-0.0332808643579483,"y":-0.03687401860952377,"z":0.0012282407842576504,"w":-0.9987666606903076},"size":697.0330810546875,"orthographic":false}